M,N,K
24,14336,5120
40,14336,5120
48,14336,5120
56,14336,5120
80,14336,5120
96,14336,5120
112,14336,5120
144,14336,5120
160,14336,5120
192,14336,5120
24,5120,6144
40,5120,6144
48,5120,6144
56,5120,6144
80,5120,6144
96,5120,6144
112,5120,6144
144,5120,6144
160,5120,6144
192,5120,6144
24,16384,5120
40,16384,5120
48,16384,5120
56,16384,5120
80,16384,5120
96,16384,5120
112,16384,5120
144,16384,5120
160,16384,5120
192,16384,5120
24,34816,5120
40,34816,5120
48,34816,5120
56,34816,5120
80,34816,5120
96,34816,5120
112,34816,5120
144,34816,5120
160,34816,5120
192,34816,5120
24,5120,17408
40,5120,17408
48,5120,17408
56,5120,17408
80,5120,17408
96,5120,17408
112,5120,17408
144,5120,17408
160,5120,17408
192,5120,17408
