gfx,cu_num,M,N,K,libtype,kernelId,splitK,us,kernelName,tflops,bw,errRatio
gfx950,256,24,5120,6144,ck,7,0,15.3235,a8w8_blockscale_bpreshuffle_1x128x128_256x16x64x256_16x16_16x16_16x16x1_16x16x1_1x16x1x16_4_1x1_intrawave_v1,98.54,2078.54,0.0
gfx950,256,24,5120,17408,ck,7,0,37.7788,a8w8_blockscale_bpreshuffle_1x128x128_256x16x64x256_16x16_16x16_16x16x1_16x16x1_1x16x1x16_4_1x1_intrawave_v1,113.24,2376.8,0.0
gfx950,256,40,5120,6144,ck,7,0,15.2211,a8w8_blockscale_bpreshuffle_1x128x128_256x16x64x256_16x16_16x16_16x16x1_16x16x1_1x16x1x16_4_1x1_intrawave_v1,165.34,2109.75,0.0
gfx950,256,40,5120,17408,ck,7,0,37.8911,a8w8_blockscale_bpreshuffle_1x128x128_256x16x64x256_16x16_16x16_16x16x1_16x16x1_1x16x1x16_4_1x1_intrawave_v1,188.18,2381.43,0.0
gfx950,256,48,5120,6144,ck,7,0,14.9658,a8w8_blockscale_bpreshuffle_1x128x128_256x16x64x256_16x16_16x16_16x16x1_16x16x1_1x16x1x16_4_1x1_intrawave_v1,201.79,2154.49,0.0
gfx950,256,48,5120,17408,ck,7,0,36.1948,a8w8_blockscale_bpreshuffle_1x128x128_256x16x64x256_16x16_16x16_16x16x1_16x16x1_1x16x1x16_4_1x1_intrawave_v1,236.4,2499.15,0.0
gfx950,256,56,5120,6144,ck,12,0,18.8033,a8w8_blockscale_bpreshuffle_1x128x128_256x32x64x256_16x16_16x16_16x16x1_16x16x1_1x32x1x8_8_2x1_intrawave_v1,187.37,1721.76,0.0
gfx950,256,56,5120,17408,ck,6,0,46.237,a8w8_blockscale_bpreshuffle_1x128x128_256x16x128x256_16x16_16x16_16x16x1_16x16x1_1x16x1x16_8_1x2_intrawave_v1,215.9,1961.14,0.0
gfx950,256,80,5120,6144,ck,6,0,18.9259,a8w8_blockscale_bpreshuffle_1x128x128_256x16x128x256_16x16_16x16_16x16x1_16x16x1_1x16x1x16_8_1x2_intrawave_v1,265.94,1731.38,0.0
gfx950,256,80,5120,17408,ck,12,0,46.4408,a8w8_blockscale_bpreshuffle_1x128x128_256x32x64x256_16x16_16x16_16x16x1_16x16x1_1x32x1x8_8_2x1_intrawave_v1,307.07,1966.82,0.0
gfx950,256,96,5120,6144,ck,12,0,16.0922,a8w8_blockscale_bpreshuffle_1x128x128_256x32x64x256_16x16_16x16_16x16x1_16x16x1_1x32x1x8_8_2x1_intrawave_v1,375.32,2052.56,0.0
gfx950,256,96,5120,17408,ck,12,0,39.1249,a8w8_blockscale_bpreshuffle_1x128x128_256x32x64x256_16x16_16x16_16x16x1_16x16x1_1x32x1x8_8_2x1_intrawave_v1,437.39,2345.9,0.0
gfx950,256,112,5120,6144,ck,12,0,22.4721,a8w8_blockscale_bpreshuffle_1x128x128_256x32x64x256_16x16_16x16_16x16x1_16x16x1_1x32x1x8_8_2x1_intrawave_v1,313.56,1481.49,0.0
gfx950,256,112,5120,17408,ck,12,0,56.4298,a8w8_blockscale_bpreshuffle_1x128x128_256x32x64x256_16x16_16x16_16x16x1_16x16x1_1x32x1x8_8_2x1_intrawave_v1,353.8,1634.34,0.0
gfx950,256,144,5120,6144,ck,10,0,22.8933,a8w8_blockscale_bpreshuffle_1x128x128_256x32x64x128_16x16_16x16_8x32x1_8x32x1_1x32x1x8_8_2x1_intrawave_v1,395.74,1477.14,0.0
gfx950,256,144,5120,17408,ck,10,0,58.7984,a8w8_blockscale_bpreshuffle_1x128x128_256x32x64x128_16x16_16x16_8x32x1_8x32x1_1x32x1x8_8_2x1_intrawave_v1,436.56,1583.55,0.0
gfx950,256,160,5120,6144,ck,11,0,22.2102,a8w8_blockscale_bpreshuffle_1x128x128_256x32x128x256_16x16_16x16_16x16x1_16x16x1_1x32x1x8_8_2x1_intrawave_v1,453.23,1534.37,0.0
gfx950,256,160,5120,17408,ck,11,0,54.4967,a8w8_blockscale_bpreshuffle_1x128x128_256x32x128x256_16x16_16x16_16x16x1_16x16x1_1x32x1x8_8_2x1_intrawave_v1,523.36,1716.67,0.0
gfx950,256,192,5120,6144,ck,17,0,21.3583,a8w8_blockscale_bpreshuffle_1x128x128_256x64x64x256_16x16_16x16_16x16x1_16x16x1_1x32x1x8_8_2x1_intrawave_v1,565.57,1620.12,0.0
gfx950,256,192,5120,17408,ck,17,0,52.1918,a8w8_blockscale_bpreshuffle_1x128x128_256x64x64x256_16x16_16x16_16x16x1_16x16x1_1x32x1x8_8_2x1_intrawave_v1,655.76,1809.43,0.0
gfx950,256,24,14336,5120,ck,7,0,18.9529,a8w8_blockscale_bpreshuffle_1x128x128_256x16x64x256_16x16_16x16_16x16x1_16x16x1_1x16x1x16_4_1x1_intrawave_v1,185.89,3915.57,0.0
gfx950,256,40,14336,5120,ck,12,0,21.1337,a8w8_blockscale_bpreshuffle_1x128x128_256x32x64x256_16x16_16x16_16x16x1_16x16x1_1x32x1x8_8_2x1_intrawave_v1,277.85,3537.1,0.0
gfx950,256,48,14336,5120,ck,12,0,22.1008,a8w8_blockscale_bpreshuffle_1x128x128_256x32x64x256_16x16_16x16_16x16x1_16x16x1_1x32x1x8_8_2x1_intrawave_v1,318.83,3394.55,0.0
gfx950,256,56,14336,5120,asm,0,1,22.9568,_ZN5aiter42fp8gemm_bf16_blockscale_BpreShuffle_32x128E,358.1,3279.75,0.0
gfx950,256,80,14336,5120,asm,1,1,24.2995,_ZN5aiter42fp8gemm_bf16_blockscale_BpreShuffle_48x128E,483.3,3131.9,0.0
gfx950,256,96,14336,5120,asm,1,1,24.3041,_ZN5aiter42fp8gemm_bf16_blockscale_BpreShuffle_48x128E,579.86,3153.56,0.0
gfx950,256,112,14336,5120,asm,2,1,25.6195,_ZN5aiter42fp8gemm_bf16_blockscale_BpreShuffle_64x128E,641.76,3012.75,0.0
gfx950,256,144,14336,5120,asm,3,1,27.8597,_ZN5aiter42fp8gemm_bf16_blockscale_BpreShuffle_80x128E,758.78,2809.3,0.0
gfx950,256,160,14336,5120,asm,3,1,28.1812,_ZN5aiter42fp8gemm_bf16_blockscale_BpreShuffle_80x128E,833.47,2796.44,0.0
gfx950,256,192,14336,5120,asm,4,1,30.592,_ZN5aiter42fp8gemm_bf16_blockscale_BpreShuffle_96x128E,921.34,2611.41,0.0
gfx950,256,24,16384,5120,ck,6,0,19.3674,a8w8_blockscale_bpreshuffle_1x128x128_256x16x128x256_16x16_16x16_16x16x1_16x16x1_1x16x1x16_8_1x2_intrawave_v1,207.9,4378.25,0.0
gfx950,256,40,16384,5120,ck,10,0,22.1818,a8w8_blockscale_bpreshuffle_1x128x128_256x32x64x128_16x16_16x16_8x32x1_8x32x1_1x32x1x8_8_2x1_intrawave_v1,302.54,3850.08,0.0
gfx950,256,48,16384,5120,ck,12,0,23.1395,a8w8_blockscale_bpreshuffle_1x128x128_256x32x64x256_16x16_16x16_16x16x1_16x16x1_1x32x1x8_8_2x1_intrawave_v1,348.02,3703.83,0.0
gfx950,256,56,16384,5120,asm,0,1,23.6545,_ZN5aiter42fp8gemm_bf16_blockscale_BpreShuffle_32x128E,397.19,3636.0,0.0
gfx950,256,80,16384,5120,asm,1,1,25.0461,_ZN5aiter42fp8gemm_bf16_blockscale_BpreShuffle_48x128E,535.88,3470.29,0.0
gfx950,256,96,16384,5120,asm,1,1,25.4669,_ZN5aiter42fp8gemm_bf16_blockscale_BpreShuffle_48x128E,632.43,3436.75,0.0
gfx950,256,112,16384,5120,asm,2,1,26.4838,_ZN5aiter42fp8gemm_bf16_blockscale_BpreShuffle_64x128E,709.51,3327.68,0.0
gfx950,256,144,16384,5120,asm,3,1,28.9426,_ZN5aiter42fp8gemm_bf16_blockscale_BpreShuffle_80x128E,834.73,3086.87,0.0
gfx950,256,160,16384,5120,asm,3,1,29.803,_ZN5aiter42fp8gemm_bf16_blockscale_BpreShuffle_80x128E,900.7,3018.09,0.0
gfx950,256,192,16384,5120,asm,4,1,32.2866,_ZN5aiter42fp8gemm_bf16_blockscale_BpreShuffle_96x128E,997.7,2823.48,0.0
gfx950,256,24,34816,5120,ck,12,0,39.3253,a8w8_blockscale_bpreshuffle_1x128x128_256x32x64x256_16x16_16x16_16x16x1_16x16x1_1x32x1x8_8_2x1_intrawave_v1,217.58,4578.53,0.0
gfx950,256,40,34816,5120,ck,15,0,43.2168,a8w8_blockscale_bpreshuffle_1x128x128_256x64x64x128_16x16_16x16_8x32x1_8x32x1_1x32x1x8_8_2x1_intrawave_v1,329.98,4193.92,0.0
gfx950,256,48,34816,5120,ck,15,0,45.4148,a8w8_blockscale_bpreshuffle_1x128x128_256x64x64x128_16x16_16x16_8x32x1_8x32x1_1x32x1x8_8_2x1_intrawave_v1,376.81,4004.11,0.0
gfx950,256,56,34816,5120,ck,15,0,47.6747,a8w8_blockscale_bpreshuffle_1x128x128_256x64x64x128_16x16_16x16_8x32x1_8x32x1_1x32x1x8_8_2x1_intrawave_v1,418.77,3826.85,0.0
gfx950,256,80,34816,5120,cktile,11,0,54.832,a8w8_blockscale_cktile_192x256x128_4x2x1_16x16x128_intrawave_0x1x0_1,520.16,3360.05,0.0
gfx950,256,96,34816,5120,cktile,28,0,55.5094,a8w8_blockscale_cktile_192x256x128_4x2x1_16x16x128_intrawave_0x1x0_3,616.57,3340.59,0.0
gfx950,256,112,34816,5120,cktile,11,0,57.1409,a8w8_blockscale_cktile_192x256x128_4x2x1_16x16x128_intrawave_0x1x0_1,698.79,3266.14,0.0
gfx950,256,144,34816,5120,cktile,29,0,58.104,a8w8_blockscale_cktile_192x256x128_4x2x1_16x16x128_intrawave_0x1x0_4,883.56,3253.17,0.0
gfx950,256,160,34816,5120,cktile,29,0,58.8961,a8w8_blockscale_cktile_192x256x128_4x2x1_16x16x128_intrawave_0x1x0_4,968.53,3229.73,0.0
gfx950,256,192,34816,5120,cktile,29,0,60.582,a8w8_blockscale_cktile_192x256x128_4x2x1_16x16x128_intrawave_0x1x0_4,1129.89,3179.33,0.0
