config,req_per_s,p95_ttft_s_seed7,p95_ttft_s_seed8,tpot_p50_ms_seed7,tpot_p50_ms_seed8,input_tok_per_s,note
baseline,1.75,2.24,2.54,27.9,27.2,16700,
baseline,2.0,2.90,2.85,43.1,39.9,18800,1 failed request on seed 8
baseline,2.25,5.75,5.62,65.3,66.1,20800,
baseline,2.5,25.9,27.4,69.4,69.7,21700,
tuned-16k-budget,2.75,1.68,1.54,18.6,16.0,26300,
tuned-16k-budget,3.0,1.81,1.86,23.9,24.7,28600,
tuned-16k-budget,3.25,3.95,5.79,41.9,45.9,30800,
tuned-16k-budget,3.5,13.4,15.1,47.0,47.7,31900,
tuned,2.75,1.59,1.42,17.3,15.1,26300,
tuned,3.0,1.67,1.80,21.6,22.6,28600,
tuned,3.25,3.37,4.49,36.1,42.1,30900,
tuned,3.5,10.7,12.8,45.6,46.7,32200,
